{
    "ultris.rouxls_battle": {
         "sounds":[
             {
                 "name": "jackbois:ultris/rouxls_battle",
                 "pitch": 1.0,
                 "weight": 1,
                 "volume": 0.6
             } 
         ]
    },

    "ultris.umbriel": {
         "sounds":[
             {
                 "name": "jackbois:ultris/umbriel",
                 "pitch": 1.0,
                 "weight": 1,
                 "volume": 1
             } 
         ]
    },

    "ultris.ichor": {
         "sounds":[
             {
                 "name": "jackbois:ultris/ichor",
                 "pitch": 1.0,
                 "weight": 1,
                 "volume": 1
             } 
         ]
    },
  "ultris.furyofthespirits": {
         "sounds":[
             {
                 "name": "jackbois:ultris/furyofthespirits",
                 "pitch": 1.0,
                 "weight": 1,
                 "volume": 1
             } 
         ]
    },
"ultris.mc_dungeons_etherealblocks": {
         "sounds":[
             {
                 "name": "jackbois:ultris/mc_dungeons_etherealblocks",
                 "pitch": 1.0,
                 "weight": 1,
"volume": 0.8
             } 
         ]
    },
    "ultris.mc_dungeons_metaluna": {
        "sounds":[
            {
                "name": "jackbois:ultris/mc_dungeons_metaluna",
                "pitch": 1.0,
                "weight": 1,
"volume": 0.65
            } 
        ]
   }
}
