{
    "parent": "item/handheld",
    "textures": {
        "layer0": "jackbois:item/blowgun2"
    },
    "display": {
        "thirdperson_righthand": {
            "rotation": [ 285, -90, 55 ],
            "translation": [ -3, 0.5, -6.8 ],
            "scale": [ 0.85, 0.85, 0.85 ]
        },
        "thirdperson_lefthand": {
            "rotation": [ 285, 90, -55 ],
            "translation": [ -3, 0.5, -6.8 ],
            "scale": [ 0.85, 0.85, 0.85 ]
        },
        "firstperson_righthand": {
            "rotation": [ 285, -90, 25 ],
            "translation": [ 1.13, 3.2, 1.13 ],
            "scale": [ 0.68, 0.68, 0.68 ]
        },
        "firstperson_lefthand": {
            "rotation": [ 285, 90, -25 ],
            "translation": [ 1.13, 3.2, 1.13 ],
            "scale": [ 0.68, 0.68, 0.68 ]
        }
    }
}
