{
    "parent": "item/handheld",
    "textures": {
        "layer0": "jackbois:item/blowgun_normalts"
    },
    "display": {
        "thirdperson_righthand": {
            "rotation": [ -90, 0, -60 ],
            "translation": [ 2, 0.1, -3 ],
            "scale": [ 0.9, 0.9, 0.9 ]
        },
        "thirdperson_lefthand": {
            "rotation": [ -90, 0, 30 ],
            "translation": [ 2, 0.1, -3 ],
            "scale": [ 0.9, 0.9, 0.9 ]
        },
        "firstperson_righthand": {
            "rotation": [ -90, 0, -55 ],
            "translation": [ 1.13, 3.2, 1.13],
            "scale": [ 0.68, 0.68, 0.68 ]
        },
        "firstperson_lefthand": {
            "rotation": [ -90, 0, 35 ],
            "translation": [ 1.13, 3.2, 1.13],
            "scale": [ 0.68, 0.68, 0.68 ]
        }
    },
    "overrides": [
 

        
      
        {
            "predicate": {
                "custom_model_data": 47032
            },
            "model": "jackbois:item/blowgun_normalts"
        },
        {
            "predicate": {
                "custom_model_data": 47032,
                "pulling": 1
            },
            "model": "jackbois:item/blowgun_charged"
        },
        {
            "predicate": {
                "custom_model_data": 47032,
                "pulling": 1,
                "pull": 0.65
            },
            "model": "jackbois:item/blowgun_charged"
        },
        {
            "predicate": {
                "custom_model_data": 47032,
                "pulling": 1,
                "pull": 0.9
            },
            "model": "jackbois:item/blowgun_charged"
        }
    ]
}