{
    "parent": "jackbois:item/crucible_base",
    "textures": {
        "layer0": "jackbois:item/crucible/crucible_charged"
    },
    "display": {
        "thirdperson_righthand": {
            "rotation": [ 0, -90, 55 ],
            "translation": [ 0, 8.0, 0.5 ],
            "scale": [ 1.41, 1.41, 1.41 ]
        },
        "thirdperson_lefthand": {
            "rotation": [ 0, 90, -55 ],
            "translation": [ 0, 8.0, 0.5 ],
            "scale": [ 1.41, 1.41, 1.41 ]
        },
        "firstperson_righthand": {
            "rotation": [ 0, -90, 25 ],
            "translation": [ 1.13, 3.2, 1.13 ],
            "scale": [ 0.98, 0.98, 0.98 ]
        },
        "firstperson_lefthand": {
            "rotation": [ 0, 90, -25 ],
            "translation": [ 1.13, 3.2, 1.13 ],
            "scale": [ 0.98, 0.98, 0.98 ]
        }
    }
}
