{
    "parent": "item/generated",
    "textures": {
        "layer0": "item/bow"
    },
    "display": {
        "thirdperson_righthand": {
            "rotation": [
                -80,
                260,
                -40
            ],
            "translation": [
                -1,
                -2,
                2.5
            ],
            "scale": [
                0.9,
                0.9,
                0.9
            ]
        },
        "thirdperson_lefthand": {
            "rotation": [
                -80,
                -280,
                40
            ],
            "translation": [
                -1,
                -2,
                2.5
            ],
            "scale": [
                0.9,
                0.9,
                0.9
            ]
        },
        "firstperson_righthand": {
            "rotation": [
                0,
                -90,
                25
            ],
            "translation": [
                1.13,
                3.2,
                1.13
            ],
            "scale": [
                0.68,
                0.68,
                0.68
            ]
        },
        "firstperson_lefthand": {
            "rotation": [
                0,
                90,
                -25
            ],
            "translation": [
                1.13,
                3.2,
                1.13
            ],
            "scale": [
                0.68,
                0.68,
                0.68
            ]
        }
    },
    "overrides": [
        {
            "predicate": {
                "pulling": 1
            },
            "model": "item/bow_pulling_0"
        },
        {
            "predicate": {
                "pulling": 1,
                "pull": 0.65
            },
            "model": "item/bow_pulling_1"
        },
        {
            "predicate": {
                "pulling": 1,
                "pull": 0.9
            },
            "model": "item/bow_pulling_2"
        },







        {
            "predicate": {
                "custom_model_data": 27014
            },
            "model": "jackbois:item/phantom_resting"
        },
        {
            "predicate": {
                "custom_model_data": 27014,
                "pulling": 1
            },
            "model": "jackbois:item/phantom_pulling_0"
        },
        {
            "predicate": {
                "custom_model_data": 27014,
                "pulling": 1,
                "pull": 0.65
            },
            "model": "jackbois:item/phantom_pulling_1"
        },
        {
            "predicate": {
                "custom_model_data": 27014,
                "pulling": 1,
                "pull": 0.9
            },
            "model": "jackbois:item/phantom_pulling_2"
        },

        

        {
            "predicate": {
                "custom_model_data": 27015
            },
            "model": "jackbois:item/frost_resting"
        },
        {
            "predicate": {
                "custom_model_data": 27015,
                "pulling": 1
            },
            "model": "jackbois:item/frost_pulling_0"
        },
        {
            "predicate": {
                "custom_model_data": 27015,
                "pulling": 1,
                "pull": 0.65
            },
            "model": "jackbois:item/frost_pulling_1"
        },
        {
            "predicate": {
                "custom_model_data": 27015,
                "pulling": 1,
                "pull": 0.9
            },
            "model": "jackbois:item/frost_pulling_2"
        },







        
        {
            "predicate": {
                "custom_model_data": 47031
            },
            "model": "jackbois:item/endlight_resting"
        },
        {
            "predicate": {
                "custom_model_data": 47031,
                "pulling": 1
            },
            "model": "jackbois:item/endlight_pulling_0"
        },
        {
            "predicate": {
                "custom_model_data": 47031,
                "pulling": 1,
                "pull": 0.65
            },
            "model": "jackbois:item/endlight_pulling_1"
        },
        {
            "predicate": {
                "custom_model_data": 47031,
                "pulling": 1,
                "pull": 0.9
            },
            "model": "jackbois:item/endlight_pulling_2"
        },




        {
            "predicate": {
                "custom_model_data": 47032
            },
            "model": "jackbois:item/blowgun_normalts"
        },
        {
            "predicate": {
                "custom_model_data": 47032,
                "pulling": 1
            },
            "model": "jackbois:item/blowgun_charged"
        },
        {
            "predicate": {
                "custom_model_data": 47032,
                "pulling": 1,
                "pull": 0.65
            },
            "model": "jackbois:item/blowgun_charged"
        },
        {
            "predicate": {
                "custom_model_data": 47032,
                "pulling": 1,
                "pull": 0.9
            },
            "model": "jackbois:item/blowgun_charged"
        }



        ,

        {
            "predicate": {
                "custom_model_data": 47040
            },
            "model": "jackbois:item/magmus_resting"
        },
        {
            "predicate": {
                "custom_model_data": 47040,
                "pulling": 1
            },
            "model": "jackbois:item/magmus_pulling_0"
        },
        {
            "predicate": {
                "custom_model_data": 47040,
                "pulling": 1,
                "pull": 0.65
            },
            "model": "jackbois:item/magmus_pulling_1"
        },
        {
            "predicate": {
                "custom_model_data": 47040,
                "pulling": 1,
                "pull": 0.9
            },
            "model": "jackbois:item/magmus_pulling_2"
        },
        {
            "predicate": {
                "custom_model_data": 47041
            },
            "model": "jackbois:item/magmus_fire"
        },
        {
            "predicate": {
                "custom_model_data": 47042
            },
            "model": "jackbois:item/magmus_fire1"
        },
        {
            "predicate": {
                "custom_model_data": 47043
            },
            "model": "jackbois:item/magmus_fire2"
        },



        {
            "predicate": {
                "custom_model_data": 87002
            },
            "model": "jackbois:item/spirit_bow"
        },
        {
            "predicate": {
                "custom_model_data": 87002,
                "pulling": 1
            },
            "model": "jackbois:item/spirit_bow0"
        },
        {
            "predicate": {
                "custom_model_data": 87002,
                "pulling": 1,
                "pull": 0.65
            },
            "model": "jackbois:item/spirit_bow1"
        },
        {
            "predicate": {
                "custom_model_data": 87002,
                "pulling": 1,
                "pull": 0.9
            },
            "model": "jackbois:item/spirit_bow2"
        }




        ,
        {
            "predicate": {
                "custom_model_data": 1450104
            },
            "model": "incendium:item/trailblazer"
        },
        {
            "predicate": {
                "custom_model_data": 1450104,
                "pulling": 1
            },
            "model": "incendium:item/trailblazer/pulling_0"
        },
        {
            "predicate": {
                "custom_model_data": 1450104,
                "pulling": 1,
                "pull": 0.65
            },
            "model": "incendium:item/trailblazer/pulling_1"
        },
        {
            "predicate": {
                "custom_model_data": 1450104,
                "pulling": 1,
                "pull": 0.9
            },
            "model": "incendium:item/trailblazer/pulling_2"
        },
		{
            "predicate": {
                "custom_model_data": 1450105
            },
            "model": "incendium:item/ragnarok"
        },
        {
            "predicate": {
                "custom_model_data": 1450105,
                "pulling": 1
            },
            "model": "incendium:item/ragnarok/pulling_0"
        },
        {
            "predicate": {
                "custom_model_data": 1450105,
                "pulling": 1,
                "pull": 0.65
            },
            "model": "incendium:item/ragnarok/pulling_1"
        },
        {
            "predicate": {
                "custom_model_data": 1450105,
                "pulling": 1,
                "pull": 0.9
            },
            "model": "incendium:item/ragnarok/pulling_2"
        },
        {
            "predicate": {
                "custom_model_data": 1451104,
                "pulling": 1,
                "pull": 0.9
            },
            "model": "incendium:item/trailblazer/pulling_3"
        },
        {
            "predicate": {
                "custom_model_data": 1451105,
                "pulling": 1,
                "pull": 0.9
            },
            "model": "incendium:item/ragnarok/pulling_3"
        },
        {
            "predicate": {
                "custom_model_data": 1452104,
                "pulling": 1,
                "pull": 0.9
            },
            "model": "incendium:item/trailblazer/pulling_4"
        },
        {
            "predicate": {
                "custom_model_data": 1452105,
                "pulling": 1,
                "pull": 0.9
            },
            "model": "incendium:item/ragnarok/pulling_4"
        },
        {
            "predicate": {
                "custom_model_data": 1453104,
                "pulling": 1,
                "pull": 0.9
            },
            "model": "incendium:item/trailblazer/pulling_5"
        },
        {
            "predicate": {
                "custom_model_data": 1453105,
                "pulling": 1,
                "pull": 0.9
            },
            "model": "incendium:item/ragnarok/pulling_5"
        },
        {
            "predicate": {
                "custom_model_data": 1454104,
                "pulling": 1,
                "pull": 0.9
            },
            "model": "incendium:item/trailblazer/pulling_6"
        },
        {
            "predicate": {
                "custom_model_data": 1454105,
                "pulling": 1,
                "pull": 0.9
            },
            "model": "incendium:item/ragnarok/pulling_6"
        }
    ]
}