{
  "parent": "minecraft:item/handheld_rod",
  "textures": {
    "layer0": "minecraft:item/fishing_rod"
  },
  "overrides": [


    {
      "predicate": {
        "custom_model_data": 27016
      },
      "model": "jackbois:item/blaze_staff"

    },
    {
      "predicate": {
        "custom_model_data": 27017
      },
      "model": "jackbois:item/blaze_staff_ready"

    },
    {
      "predicate": {
        "custom_model_data": 47008
      },
      "model": "jackbois:item/ice_staff"
    },
    {
      "predicate": {
        "custom_model_data": 47009
      },
      "model": "jackbois:item/fire_staff"
    },
    {
      "predicate": {
        "custom_model_data": 47010
      },
      "model": "jackbois:item/electric_staff"
    },
    {
      "predicate": {
        "custom_model_data": 47011
      },
      "model": "jackbois:item/ice_staff_ready"
    },
    {
      "predicate": {
        "custom_model_data": 47012
      },
      "model": "jackbois:item/fire_staff_ready"
    },
    {
      "predicate": {
        "custom_model_data": 47013
      },
      "model": "jackbois:item/electric_staff_ready"

    },
    {
      "predicate": {
        "custom_model_data": 47019
      },
      "model": "jackbois:item/bone_wand"

    },
    {
      "predicate": {
        "custom_model_data": 47067
      },
      "model": "jackbois:item/echo_wand"

    },
    {
      "predicate": {
        "custom_model_data": 47997
      },
      "model": "jackbois:item/unused/spellbound_sword"
    }
    
  ]
}