{
  "parent": "minecraft:item/handheld",
  "textures": {
    "layer0": "minecraft:item/stone_sword"
  },
"overrides": [
  {
    "predicate": {
      "custom_model_data": 27002
    },
    "model": "jackbois:item/windswept"
},
{
  "predicate": {
    "custom_model_data": 27003
  },
  "model": "jackbois:item/withering_sword"
},





  {
      "predicate": {
        "custom_model_data": 47004
      },
      "model": "jackbois:item/blazing_sword"
    },
    {
      "predicate": {
        "custom_model_data": 47005
      },
      "model": "jackbois:item/blazing_sword_extinguish"
    },
    {
      "predicate": {
        "custom_model_data": 47006
      },
      "model": "jackbois:item/cursed_sea_blade"
    },
    {
      "predicate": {
        "custom_model_data": 47014
      },
      "model": "jackbois:item/windswept"
    },
    {
      "predicate": {
        "custom_model_data": 47015
      },
      "model": "jackbois:item/withering_sword"
    },
    {
      "predicate": {
        "custom_model_data": 47020
        
      },
      "model": "jackbois:item/evokers_wrath"
    },
    {
      "predicate": {
        "custom_model_data": 47021
        
      },
      "model": "jackbois:item/evokers_wrath_ready"
    },
    {
      "predicate": {
        "custom_model_data": 47204
      },
      "model": "jackbois:item/blazing_sword_soul_fire"
    }
    
    
  
]
}